{
    "index.placeholder": "The editor has validations that are applied for every string that is saved. Try to translate this string without the %s placeholder and you will see.",
    "index.blabla": "If you have translated all the previous strings so far, it should be enough to give you an idea on how the editor works. Right? :)",
    "app.login.pass": "Password",
    "app.users.active": {
        "one": "Just one user online",
        "other": "There are %d users online"
    },
    "main.country": "Select country",
    "index.welcome": "Welcome to Lokalise! \nTry to click any \"Empty\" translation to see inline machine translation."
}